RCDTS,School Name,City,% ELA Proficiency,% Math Proficiency,% Science Proficiency
15016902025201,ACE Amandla Charter School,Chicago,*,*,*
15016904025202,Barbara A Sizemore Campus,Chicago,39.4,17.0,24.5
15016904025201,Betty  Shabazz International Charter School,Chicago,49.2,24.9,25.9
070161100022002,Charles J Sahs Elem School,Chicago,59.9,49.4,32.1
15016299025229,Academy for Global Citizenship,Chicago,37.1,10.9,23.2
15016299025284,Acero Chtr Sch Network  - Jovita Idar Elem School,Chicago,39.7,18.3,32.8
15016299025085,Acero Chtr Sch Network -  Major Hector P Garcia MD H S,Chicago,24.1,*,24.1
15016299025262,Acero Chtr Sch Network - Bartolome de las Casas Elem Sch,Chicago,24.0,9.1,*
15016299025270,Acero Chtr Sch Network - Brighton Park Elem School,Chicago,29.2,13.1,12.3
15016299025261,Acero Chtr Sch Network - Carlos Fuentes  Elem School,Chicago,26.1,15.0,14.3
15016299025267,Acero Chtr Sch Network - Esmeralda Santiago Elem Sch,Chicago,34.3,23.1,27.8
15016299025259,Acero Chtr Sch Network - Octavio Paz Elem School,Chicago,26.7,28.0,*
15016299025263,Acero Chtr Sch Network - Officer Donald J Marquez  Elem,Chicago,24.3,16.4,18.4
15016299025285,Acero Chtr Sch Network - PFC Omar E Torres Elem Sch,Chicago,26.6,10.1,11.3
15016299025260,Acero Chtr Sch Network - Rufino Tamayo Elem Sch,Chicago,54.3,27.3,28.3
15016299025264,Acero Chtr Sch Network - SPC Daniel Zizumbo Elem Sch,Chicago,39.7,17.5,21.5
15016299025086,Acero Chtr Sch Network Victoria Soto Campus,Chicago,15.2,*,16.7
15016299025266,Acero Chtr Sch Network- Sandra Cisneros Elem School,Chicago,26.1,9.9,18.6
15016299025049,Acero Chtr Sch Network- Sor Juana Ines de la Cruz K-12,Chicago,20.4,10.0,19.8
15016299025268,Acero Chtr Sch Newtwork - Roberto Clemente Elem School,Chicago,30.1,12.1,12.5
150162990252051,Addams Elem School,Chicago,46.7,24.5,46.5
150162990250848,Air Force Acad High School,Chicago,*,*,*
150162990252850,Albany Park Multicultural Elem,Chicago,36.3,21.5,29.9
150162990250849,Alcott College Prep,Chicago,*,*,26.2
150162990252053,Alcott Elem School,Chicago,81.0,73.2,72.8
150162990252054,Aldridge Elem School,Chicago,33.8,9.9,*
150162990250001,Amundsen High School,Chicago,70.3,50.6,62.4
150162990252895,Ariel Elem Community Academy,Chicago,24.7,12.6,16.4
150162990252058,Armour Elem School,Chicago,60.1,28.2,30.0
150162990252059,Armstrong G Elem IntL Studies,Chicago,56.3,44.4,37.6
15016299025111,Art in Motion Charter School,Chicago,26.5,6.9,18.3
150162990252922,Ashburn Community Elem School,Chicago,33.6,10.3,28.4
150162990252437,Ashe Elem School,Chicago,24.4,*,*
15016299025214,Asian Human Services -Passage Chrtr,Chicago,23.8,8.6,*
15016299025079,Aspira Charter - Business and Finance HS,Chicago,16.0,*,16.0
15016299025074,ASPIRA Charter - Early College Prep HS,Chicago,18.8,*,23.4
15016299025110,ASPIRA Charter - Haugan Campus,Chicago,47.0,14.3,35.0
150162990252062,Audubon Elem School,Chicago,86.3,76.6,71.8
150162990250844,Austin College and Career Academy High School,Chicago,*,*,*
150162990252063,Avalon Park Elem School,Chicago,29.5,13.0,*
150162990252881,Avondale - Logandale Elementary School,Chicago,39.7,18.7,25.9
150162990252966,Azuela Elem School,Chicago,41.9,19.3,37.4
150162990250014,Back of The Yards IB HS,Chicago,48.5,28.3,43.8
150162990252066,Barnard Elem Comp Math & Sci Ctr,Chicago,36.4,17.9,31.5
150162990252067,Barry Elem School,Chicago,30.5,19.0,*
150162990252068,Barton Elem School,Chicago,15.2,6.3,*
150162990252069,Bass Elem School,Chicago,17.6,10.2,*
150162990252070,Bateman Elem School,Chicago,47.5,26.7,33.3
150162990253760,Beard Elem School,Chicago,,,
150162990252800,Beasley Elem Magnet Academic Ctr,Chicago,46.5,27.9,36.1
150162990252078,Beaubien Elem School,Chicago,70.5,52.2,63.9
150162990252079,Beethoven Elem School,Chicago,12.2,*,*
150162990252080,Beidler Elem School,Chicago,24.5,7.3,*
150162990252081,Belding Elem School,Chicago,62.7,48.9,46.3
150162990252082,Bell Elem School,Chicago,84.8,73.5,82.0
150162990252923,Belmont-Cragin Elem School,Chicago,16.9,16.0,27.7
150162990252083,Bennett Elem School,Chicago,43.7,13.5,*
150162990252086,Black Magnet Elem School,Chicago,70.1,51.3,43.8
150162990252087,Blaine Elem School,Chicago,83.8,77.9,77.8
150162990253761,Blair Early Childhood Center,Chicago,,,
150162990250003,Bogan High School,Chicago,10.3,*,8.3
150162990252088,Bond Elem School,Chicago,13.7,*,*
150162990252100,Bouchet Elem Math & Science Acad,Chicago,31.3,17.2,17.6
150162990250824,Bowen High School,Chicago,*,*,*
150162990252090,Bradwell Comm Arts & Sci Elem Sch,Chicago,15.6,*,*
150162990252093,Brennemann Elem School,Chicago,25.9,16.1,22.4
150162990252094,Brentano Elem Math & Science Acad,Chicago,64.0,45.1,57.2
150162990252244,Bret Harte Elem School,Chicago,32.5,14.1,21.5
150162990252095,Bridge Elem School,Chicago,44.8,31.0,44.4
150162990252096,Bright Elem School,Chicago,18.9,*,*
150162990252870,Brighton Park Elem School,Chicago,35.1,16.2,23.1
150162990252972,Bronzeville Classical Elementary School,Chicago,92.4,79.9,78.0
150162990250834,Bronzeville Scholastic HS,Chicago,*,*,*
150162990250788,Brooks College Prep Academy HS,Chicago,88.2,64.6,76.3
150162990252367,Brown R Elem Community Acad,Chicago,45.6,9.4,*
150162990252098,Brownell Elem School,Chicago,35.5,14.5,*
150162990252110,Brunson Math & Sci Specialty Elem,Chicago,13.8,*,*
150162990252101,Budlong Elem School,Chicago,58.8,39.8,52.4
150162990252102,Burbank Elem School,Chicago,24.3,15.9,17.1
150162990252103,Burke Elem School,Chicago,12.3,10.0,*
150162990252104,Burley Elem School,Chicago,86.7,71.8,76.3
150162990252105,Burnham Elem Inclusive Academy,Chicago,20.5,10.2,*
150162990252107,Burnside Elem Scholastic Academy,Chicago,47.6,15.4,22.9
150162990252108,Burr Elem School,Chicago,76.2,51.1,58.9
150162990252109,Burroughs Elem School,Chicago,59.4,34.8,40.0
150162990252112,Byrne Elem School,Chicago,46.2,25.8,38.5
150162990252934,Calmeca Acad Elem School,Chicago,28.6,8.4,18.3
150162990252118,Cameron Elem School,Chicago,26.3,14.2,14.6
150162990252963,Camras Elem School,Chicago,34.5,18.6,23.6
150162990252119,Canty Elem School,Chicago,64.4,49.1,56.8
150162990252783,Cardenas Elem School,Chicago,49.9,30.7,28.1
150162990252120,Carnegie Elem School,Chicago,38.0,25.5,21.3
150162990252122,Carroll Elem School,Chicago,41.2,16.0,24.4
150162990252876,Carson Elem School,Chicago,46.8,30.9,28.2
150162990252123,Carter Elem School,Chicago,18.6,7.7,*
150162990250006,Carver Military Academy HS,Chicago,15.3,*,25.5
150162990252372,Carver Primary School,Chicago,19.1,4.7,*
150162990252862,Casals Elem School,Chicago,66.3,53.2,26.0
150162990252126,Cassell Elem School,Chicago,68.7,53.8,59.6
15016299025232,Catalyst Charter - Maria ES,Chicago,32.6,21.4,21.5
15016299025228,Catalyst Charter-Circle Rock ES,Chicago,48.0,20.9,30.4
150162990252127,Cather Elem School,Chicago,24.5,15.5,*
150162990252128,Chalmers STEAM Elementary,Chicago,32.8,9.5,*
150162990252129,Chappell Elem School,Chicago,64.3,47.6,59.1
150162990252130,Chase Elem School,Chicago,54.1,30.3,40.8
150162990252886,Chavez Elem Multicultural Acad Ct,Chicago,53.5,48.6,47.7
150162990252920,Chicago Academy Elem School,Chicago,56.9,33.8,27.3
150162990250820,Chicago Academy High School,Chicago,53.8,23.9,42.7
15016299025236,Chicago Collegiate Charter School,Chicago,16.1,*,*
150162990250772,Chicago HS for Agricult Sciences,Chicago,53.4,25.8,53.1
150162990250851,Chicago HS for the Arts,Chicago,58.9,22.3,46.4
15016299025217,Chicago Math & Sci Elem Charter,Chicago,37.4,23.7,31.6
150162990250795,Chicago Military Academy HS,Chicago,*,*,44.4
150162990250850,Chicago Technology Academy HS,Chicago,13.6,*,*
150162990250526,Chicago Vocational Career Acad HS,Chicago,7.6,*,9.9
150162990252283,Chicago World Language Academy,Chicago,70.4,49.8,50.5
150162990252155,Chopin Elem School,Chicago,19.6,7.8,18.4
150162990252904,Christopher Elem School,Chicago,14.9,6.9,*
15016299025235,Christopher House Chrt ES,Chicago,27.2,11.6,16.0
15016299025252,CICS - Avalon/South Shore,Chicago,59.3,35.9,15.0
15016299025277,CICS - Basil Campus,Chicago,55.3,30.6,20.2
15016299025280,CICS - Bond Campus,Chicago,20.0,13.1,*
15016299025246,CICS - Bucktown Campus,Chicago,31.5,20.7,14.8
15016299025254,CICS - Irving Park Campus,Chicago,51.3,32.6,28.2
15016299025247,CICS - Longwood Campus,Chicago,21.9,8.5,11.1
15016299025255,CICS - Loomis Primary Campus,Chicago,*,*,
15016299025082,CICS - Northtown  Campus,Chicago,34.0,17.7,28.2
15016299025248,CICS - Prairie Campus,Chicago,27.9,15.9,*
15016299025083,CICS - Ralph Ellison Campus,Chicago,18.6,*,*
15016299025249,CICS - Washington Pk Campus,Chicago,53.2,28.1,*
15016299025251,CICS - West Belden Campus,Chicago,34.0,21.2,15.8
15016299025278,CICS - Wrightwood,Chicago,28.0,7.7,9.0
150162990252936,Claremont STEM Magnet Elementary School,Chicago,22.0,13.9,*
150162990252700,Clark  G R Elem School,Chicago,43.6,19.2,*
150162990250827,Clark Acad Prep Magnet High Schl,Chicago,*,*,18.9
150162990252132,Clay Elem School,Chicago,33.9,12.2,20.9
150162990250545,Clemente Community Academy HS,Chicago,15.6,*,13.4
150162990252133,Cleveland Elem School,Chicago,46.9,21.9,19.5
150162990252134,Clinton Elem School,Chicago,36.6,28.3,25.1
150162990252135,Clissold Elem School,Chicago,36.8,17.1,20.6
150162990252918,Colemon J Elem Academy,Chicago,50.5,32.0,34.2
150162990252136,Coles Elem Language Academy,Chicago,25.0,25.9,*
150162990250841,Collins Academy STEAM High School,Chicago,*,*,*
150162990252919,Columbia Explorers Elem Academy,Chicago,59.3,37.7,41.5
150162990252139,Cook Elem School,Chicago,19.6,*,*
150162990252141,Coonley Elem School,Chicago,80.4,72.4,70.4
150162990252142,Cooper Elem Dual Language Academy,Chicago,27.3,15.1,21.8
150162990252145,Corkery Elem School,Chicago,12.3,9.8,24.8
150162990250543,Corliss High School,Chicago,*,*,*
150162990252921,Courtenay Elem Language Arts Ctr,Chicago,22.0,12.6,*
150162990250052,Crane Medical Prep HS,Chicago,13.3,*,14.7
150162990252147,Crown Elem Comm Acd Fine Arts Ctr,Chicago,31.7,*,*
150162990252617,Cuffe Math-Sci Tech Elem Academy,Chicago,30.8,9.5,*
150162990252637,Cullen Elem School,Chicago,37.6,15.2,*
150162990250617,Curie Metropolitan High School,Chicago,32.2,22.2,33.2
150162990252799,Curtis Elem School,Chicago,15.4,8.9,*
150162990252113,Daisy Bates Academy of Social Justice,Chicago,38.5,11.4,*
150162990252837,Daley Elem Academy,Chicago,23.2,12.7,18.2
150162990252148,Darwin Elem School,Chicago,45.9,17.6,21.4
150162990252954,Davis M Magnet Elem School,Chicago,44.8,38.6,*
150162990252149,Davis N Elem School,Chicago,15.6,6.7,11.4
150162990252150,Dawes Elem School,Chicago,41.0,21.8,30.3
150162990252825,De Diego Elem Community Academy,Chicago,21.0,10.7,12.7
150162990252805,Decatur Classical Elem School,Chicago,95.7,96.5,94.6
150162990252153,Deneen Elem School,Chicago,37.1,9.7,11.5
150162990252605,Depriest Elem School,Chicago,10.9,*,*
150162990252154,Dett Elem School,Chicago,10.1,*,*
150162990252158,Dever Elem School,Chicago,32.4,25.1,24.5
150162990250832,Devry Advantage Academy High Schl,Chicago,66.2,37.7,57.1
150162990252159,Dewey Elem Academy of Fine Arts,Chicago,53.4,20.1,20.4
150162990252603,Dirksen Elem School,Chicago,50.3,49.5,42.7
150162990252160,Disney Elem Magnet School,Chicago,58.2,39.0,50.4
150162990252949,Disney II Elem School,Chicago,70.0,54.1,67.9
150162990250053,Disney II Magnet HS,Chicago,59.0,30.6,39.4
150162990252161,Dixon Elem School,Chicago,46.6,24.0,16.3
150162990252167,Dore Elem School,Chicago,42.1,29.4,30.8
150162990250831,Douglass Academy High School,Chicago,*,*,*
150162990252169,Drake Elem School,Chicago,24.5,9.9,*
150162990252172,Drummond Elem School,Chicago,52.0,44.7,60.4
150162990252173,Dubois Elem School,Chicago,28.2,17.3,29.5
150162990252175,Dulles Elem School,Chicago,13.8,3.9,10.2
150162990250531,Dunbar Vocational Career Acad HS,Chicago,*,*,14.1
150162990252177,Dunne Technology Acad Elem Sch,Chicago,50.4,23.6,17.9
150162990252933,Durkin Park Elem School,Chicago,43.1,28.9,23.1
150162990252179,Dvorak Technology Acad Elem Sch,Chicago,21.6,*,*
150162990252743,Earhart Elem Opt for Knowl School,Chicago,66.7,37.1,36.2
150162990252180,Earle Elem School,Chicago,23.3,8.0,*
150162990252181,Eberhart Elem School,Chicago,26.9,13.1,15.5
150162990252182,Ebinger Elem School,Chicago,69.9,58.4,62.4
150162990252183,Edgebrook Elem School,Chicago,77.7,65.2,64.8
150162990252184,Edison Elem Regional Gifted Cntr,Chicago,96.6,93.8,98.3
150162990252953,Edison Park Elem School,Chicago,69.7,46.8,50.0
150162990252185,Edwards Elem School,Chicago,32.2,12.2,18.6
150162990252187,Ellington Elem School,Chicago,25.7,5.4,13.2
150162990250867,Englewood STEM High School,Chicago,8.4,*,*
15016299025015,EPIC Academy High School,Chicago,36.4,*,38.2
150162990252190,Ericson Elem Scholastic Academy,Chicago,39.3,11.2,*
15016299025219,Erie Elem Charter School,Chicago,19.2,9.8,13.1
150162990252191,Esmond Elem School,Chicago,25.2,25.0,*
150162990252192,Everett Elem School,Chicago,76.7,46.7,*
150162990252873,Evergreen Academy Elem School,Chicago,54.4,19.0,31.1
150162990252193,Evers Elem School,Chicago,37.1,12.4,*
150162990252913,Fairfield Elem Academy,Chicago,25.8,4.9,13.6
150162990252194,Falconer Elem School,Chicago,34.5,28.4,26.1
150162990252195,Faraday Elem School,Chicago,27.8,13.3,*
150162990252198,Farnsworth Elem School,Chicago,42.3,39.0,38.1
150162990250011,Farragut Career Academy HS,Chicago,25.0,*,20.0
150162990250012,Fenger Academy High School,Chicago,*,*,*
150162990252202,Fernwood Elem School,Chicago,43.0,21.3,*
150162990252203,Field Elem School,Chicago,39.8,13.3,26.6
150162990252893,Finkl Elem School,Chicago,26.0,13.2,*
150162990252204,Fiske Elem School,Chicago,14.7,4.5,*
150162990250013,Foreman High School,Chicago,11.6,*,14.7
150162990252206,Fort Dearborn Elem School,Chicago,25.9,9.8,*
150162990252618,Foster Park Elem School,Chicago,24.0,11.8,*
150162990252207,Franklin Elem Fine Arts Center,Chicago,65.4,34.6,55.4
150162990252945,Frazier Perspectives Magnet ES,Chicago,36.4,*,*
150162990252210,Fulton Elem School,Chicago,12.2,10.0,*
150162990252211,Funston Elem School,Chicago,26.2,10.1,*
150162990250015,Gage Park High School,Chicago,*,*,*
150162990252212,Gale Elem Community Academy,Chicago,11.6,*,*
150162990252878,Galileo Elem Math & Sci Schol Acd,Chicago,66.6,45.8,41.2
150162990252213,Gallistel Elem Language Academy,Chicago,38.5,17.1,22.6
150162990252964,Garcia Lorca Elem School,Chicago,41.1,27.2,30.0
150162990252773,Garvey  M Elem School,Chicago,35.9,9.6,*
150162990252214,Garvy  J Elem School,Chicago,58.5,44.1,55.7
150162990252215,Gary Elem School,Chicago,30.2,18.7,18.2
150162990252236,Gillespie Elem School,Chicago,25.3,8.7,19.2
150162990252220,Goethe Elem School,Chicago,55.3,35.2,40.7
150162990250861,Goode STEM Academy HS,Chicago,22.2,8.7,23.1
150162990252223,Goudy Technology Academy,Chicago,50.2,38.6,34.4
150162990252224,Graham  A Elem School,Chicago,17.9,6.5,25.5
150162990252226,Gray Elem School,Chicago,39.5,24.5,34.3
15016299025241,Great Lakes Academy Charter ES,Chicago,50.1,24.6,21.7
150162990252227,Greeley Elem School,Chicago,36.6,28.0,25.0
150162990252048,Green  W Elem School,Chicago,32.7,11.3,26.0
150162990252229,Greene N Elem School,Chicago,49.2,35.8,*
150162990252230,Gregory Math & Sci Elem Academy,Chicago,38.4,19.1,*
150162990252231,Gresham Elem School,Chicago,40.9,15.6,*
150162990252232,Grimes Elem School,Chicago,50.4,40.3,31.0
150162990252622,Grissom Elem School,Chicago,54.9,18.9,34.2
150162990252811,Gunsaulus Elem Scholastic Academy,Chicago,43.0,31.5,34.3
150162990252235,Haines Elem School,Chicago,72.5,73.2,59.8
150162990252239,Hale Elem School,Chicago,42.7,27.0,41.0
150162990252092,Haley Elem Academy,Chicago,26.6,11.8,14.4
150162990252240,Hamilton Elem School,Chicago,76.5,69.5,73.5
150162990252241,Hamline Elem School,Chicago,17.3,11.7,*
150162990252242,Hammond Elem School,Chicago,29.9,13.4,*
150162990252916,Hampton Elem Fine & Perf Arts Sch,Chicago,30.6,10.3,15.2
150162990250779,Hancock College Preparatory HS,Chicago,91.4,70.0,85.8
150162990252726,Hanson Park Elem School,Chicago,34.2,23.6,35.6
150162990250016,Harlan Community Academy HS,Chicago,*,*,14.7
150162990252052,Harriet Tubman Elem School,Chicago,68.5,44.8,49.3
150162990252246,Harvard Elem School,Chicago,27.2,8.3,*
150162990252247,Haugan Elem School,Chicago,23.4,19.5,17.3
150162990252249,Hawthorne Elem Scholastic Academy,Chicago,96.0,95.3,89.5
150162990252636,Hay Elem Community Academy,Chicago,34.6,14.0,*
150162990252252,Hayt Elem School,Chicago,38.7,23.9,29.3
150162990252254,Healy Elem School,Chicago,73.4,67.2,61.3
150162990252255,Hearst Elem School,Chicago,18.8,9.7,*
150162990252256,Hedges Elem School,Chicago,26.4,9.7,18.6
150162990252257,Hefferan Elem School,Chicago,12.4,*,*
150162990252258,Henderson Elem School,Chicago,27.0,*,*
150162990252259,Hendricks Elem Community Academy,Chicago,12.6,8.8,*
150162990252260,Henry Elem School,Chicago,36.0,20.9,27.9
150162990252597,Hernandez Middle School,Chicago,31.9,17.9,21.3
150162990252263,Herzl Elem School,Chicago,7.3,*,*
150162990252265,Hibbard Elem School,Chicago,26.4,22.7,18.5
150162990252266,Higgins Elem Community Academy,Chicago,33.8,11.0,*
150162990250019,Hirsch Metropolitan High School,Chicago,*,*,*
150162990252268,Hitch Elem School,Chicago,51.7,29.3,44.9
150162990252269,Holden Elem School,Chicago,43.4,41.6,39.5
150162990252270,Holmes Elem School,Chicago,13.3,*,*
15016299025240,Horizon Sci Academy - Southwest Charter,Chicago,44.3,21.5,20.1
150162990252273,Howe Elem School,Chicago,18.8,*,15.2
150162990252275,Hoyne Elem School,Chicago,47.0,28.4,28.6
150162990250020,Hubbard High School,Chicago,31.8,8.7,24.6
150162990252276,Hughes  C Elem School,Chicago,21.0,16.3,*
150162990252620,Hughes L Elem School,Chicago,24.7,5.5,*
150162990252280,Hurley Elem School,Chicago,51.1,27.8,30.1
150162990250021,Hyde Park Academy High School,Chicago,11.5,*,11.2
15016299025012,IHSCA Charter High School,Chicago,15.0,8.6,18.3
15016299025020,IJLA Charter High School,Chicago,*,*,*
150162990250837,Infinity Math  Science & Tech HS,Chicago,48.2,27.7,34.8
150162990252358,Inter-American Elem Magnet School,Chicago,53.3,38.2,49.3
15016299025022,Intrinsic Charter High School,Chicago,42.0,17.4,29.5
150162990252281,Irving Elem School,Chicago,24.0,*,*
150162990252046,Jackson M Elem School,Chicago,15.5,9.9,*
150162990252284,Jahn Elem School,Chicago,40.7,20.0,30.8
150162990252209,James Farmer Jr. Elementary,Chicago,24.9,13.6,19.7
150162990252937,James R Doolittle Academy,Chicago,15.0,*,*
150162990252285,Jamieson Elem School,Chicago,59.5,40.8,40.0
150162990252288,Jensen Elem Scholastic Academy,Chicago,35.6,12.3,*
150162990252402,John J Pershing STEAM Magnet Elementary,Chicago,29.4,7.9,20.7
150162990252290,Johnson STEAM Elementary,Chicago,23.1,*,*
150162990250533,Jones College Prep High School,Chicago,90.5,84.3,85.7
150162990252775,Joplin Elem School,Chicago,38.0,22.2,25.5
150162990252889,Jordan Elem Community School,Chicago,28.8,24.0,*
150162990252292,Joseph Jungman STEM Magnet Elementary School,Chicago,40.6,22.7,25.2
150162990250767,Juarez Community Academy HS,Chicago,36.3,14.1,26.1
150162990250763,Julian High School,Chicago,*,*,11.1
150162990252806,Kanoon Elem Magnet School,Chicago,21.0,11.0,18.5
150162990252739,Keller Elem Gifted Magnet School,Chicago,96.4,92.8,89.1
150162990252892,Kellman Corporate Community Elem,Chicago,25.6,*,*
150162990252293,Kellogg Elem School,Chicago,69.9,44.9,43.9
150162990250023,Kelvyn Park High School,Chicago,11.0,*,8.8
150162990250024,Kennedy High School,Chicago,35.6,15.6,32.3
150162990250025,Kenwood Academy High School,Chicago,70.4,52.9,60.3
150162990252294,Kershaw Elem School,Chicago,32.8,15.4,*
150162990252296,Kilmer Elem School,Chicago,29.8,20.0,23.2
150162990252267,King Academy of Social Justice,Chicago,15.8,*,*
150162990250039,King College Prep High School,Chicago,36.9,14.7,34.3
150162990252299,Kinzie Elem School,Chicago,71.8,41.4,48.3
150162990252300,Kipling Elem School,Chicago,35.6,25.2,39.5
15016299025101,KIPP Academy Chicago Campus,Chicago,23.6,11.3,12.6
15016299025245,KIPP Chicago Charter School - KIPP One Academy,Chicago,31.8,20.9,29.6
15016299025282,KIPP Chicago Charters - Ascend Academy,Chicago,30.1,13.1,23.9
15016299025103,KIPP Chicago Charters - Bloom Campus,Chicago,31.6,11.9,22.4
150162990252304,Kozminski Elem Community Academy,Chicago,37.8,14.0,20.8
150162990250026,Lake View High School,Chicago,34.9,14.1,26.2
150162990250027,Lane Technical High School,Chicago,91.4,87.5,89.2
150162990252704,Langford A Elem School,Chicago,24.0,10.7,*
150162990252900,Lara Elem Academy,Chicago,25.5,9.7,29.5
150162990252306,LaSalle Elem Language Academy,Chicago,67.9,56.7,51.0
150162990252955,LaSalle II Lang Acad Elem Sch,Chicago,67.5,61.3,66.0
150162990252492,Lavizzo Elem School,Chicago,25.5,6.3,*
150162990252309,Lawndale Elem Community Academy,Chicago,13.6,*,*
15016299025272,LEARN Charter Excel Campus,Chicago,52.8,40.3,*
15016299025275,LEARN Chtr -  Hunter Perkins Campus,Chicago,49.3,21.5,15.7
15016299025276,LEARN Chtr - 7th Campus,Chicago,24.3,23.2,*
15016299025283,LEARN Chtr - Butler,Chicago,37.2,30.7,18.2
15016299025109,LEARN Chtr - Middle School,Chicago,51.7,15.2,21.7
15016299025274,LEARN Chtr - South Chicago Campus,Chicago,38.8,29.5,18.4
15016299025273,LEARN Chtr-Campbell Campus,Chicago,43.5,34.1,*
150162990252703,Lee Elem School,Chicago,44.8,36.4,27.5
15016299025221,Legacy Elem Charter School,Chicago,39.2,11.7,17.5
15016299025019,Legal Prep Academy Charter HS,Chicago,*,*,*
150162990252714,Leland Elem School,Chicago,16.6,6.4,*
150162990252856,Lenart Elem Regional Gifted Ctr,Chicago,89.0,70.9,85.0
150162990252311,Lewis Elem School,Chicago,19.2,7.3,*
150162990252313,Libby Elem School,Chicago,33.5,7.7,*
150162990252314,Lincoln Elem School,Chicago,86.4,80.1,83.0
150162990250047,Lincoln Park High School,Chicago,74.2,50.2,66.2
150162990250833,Lindblom Math & Science Acad HS,Chicago,78.8,48.7,63.6
150162990252315,Linne Elem School,Chicago,47.6,29.0,49.6
150162990252896,Little Village Elem School,Chicago,29.6,11.5,26.3
150162990252316,Lloyd Elem School,Chicago,30.0,21.7,15.7
150162990252317,Locke  J Elem School,Chicago,36.5,18.6,23.0
15016299025206,Locke A Elem Charter Academy,Chicago,60.1,36.3,*
150162990252355,Logan Square Elementary,Chicago,25.4,13.9,20.6
150162990252319,Lovett Elem School,Chicago,50.2,23.4,24.3
150162990252321,Lowell Elem School,Chicago,26.3,*,21.5
150162990252303,Lozano Elem Bilingual & Intl Ctr,Chicago,15.2,*,*
150162990252323,Lyon Elem School,Chicago,48.0,26.4,25.5
150162990252838,Madero Middle School,Chicago,33.0,12.1,38.4
150162990252324,Madison Elem School,Chicago,34.4,*,24.5
150162990252326,Manierre Elem School,Chicago,14.1,*,*
150162990250616,Manley Career Academy High School,Chicago,*,*,*
150162990252328,Mann Elem School,Chicago,37.8,15.2,18.6
150162990252829,Maria Saucedo STEAM Magnet Academy,Chicago,24.8,13.3,17.2
150162990252912,Marine Leadership Academy - Ames,Chicago,22.8,10.4,25.5
150162990252330,Marquette Elem School,Chicago,41.8,23.3,19.8
150162990252331,Marsh Elem School,Chicago,37.1,22.6,23.4
150162990250029,Marshall Metropolitan High School,Chicago,*,*,*
150162990252334,Mason Elem School,Chicago,18.9,*,*
150162990250030,Mather High School,Chicago,32.8,19.8,28.6
150162990252337,Mayer Elem School,Chicago,83.9,67.6,73.3
150162990252802,Mays Elem Academy,Chicago,15.7,7.4,*
150162990252877,McAuliffe Elem School,Chicago,21.7,14.6,20.0
150162990252341,McCormick Elem School,Chicago,26.1,11.9,21.3
150162990252344,McCutcheon Elem School,Chicago,30.3,14.0,19.4
150162990252345,McDade Elem Classical School,Chicago,91.6,87.0,76.5
150162990252737,McDowell Elem School,Chicago,41.4,22.4,*
150162990252346,McKay Elem School,Chicago,21.3,8.8,11.2
150162990252634,McNair Elem School,Chicago,19.1,12.1,*
150162990252349,McPherson Elem School,Chicago,48.6,34.8,33.3
150162990252352,Melody Elem School,Chicago,21.0,*,14.5
150162990252804,Metcalfe Elem Community Academy,Chicago,19.7,11.9,*
150162990252339,Minnie Minoso Academy,Chicago,38.1,13.9,28.4
150162990252452,Mireles Elem Academy,Chicago,18.5,6.0,*
150162990252353,Mitchell Elem School,Chicago,64.8,53.3,53.8
150162990252354,Mollison Elem School,Chicago,14.1,7.0,*
150162990252488,Monarcas Academy,Chicago,47.7,37.5,37.9
15016299025233,Montessori of Englewood Chtr ES,Chicago,12.9,*,*
150162990252356,Moos Elem School,Chicago,33.3,13.7,17.9
150162990250031,Morgan Park High School,Chicago,34.3,9.9,25.5
150162990252357,Morrill Elem Math & Sci School,Chicago,30.1,15.8,19.6
150162990252844,Morton Elem Career Academy,Chicago,32.2,17.9,*
150162990252089,Mosaic School of Fine Arts,Chicago,34.6,20.6,26.1
150162990252361,Mount Greenwood Elem School,Chicago,83.3,61.4,59.8
150162990252362,Mount Vernon Elem School,Chicago,45.5,17.4,*
15016299025244,Moving Everest Charter School,Chicago,24.4,12.6,16.2
150162990252363,Mozart Elem School,Chicago,33.6,11.5,20.9
150162990250836,Multicultural Arts High School,Chicago,19.3,*,*
150162990252365,Murphy Elem School,Chicago,50.9,36.3,42.4
150162990252366,Murray Elem Language Academy,Chicago,52.7,15.5,23.4
15016299025218,Namaste Elem Charter School,Chicago,46.9,26.5,29.6
150162990252368,Nash Elem School,Chicago,17.6,*,*
150162990252924,National Teachers Elem Academy,Chicago,42.1,30.0,32.4
150162990252369,Neil Elem School,Chicago,20.3,*,*
150162990252370,Nettelhorst Elem School,Chicago,68.9,58.8,60.2
150162990252930,New Field Elem School,Chicago,35.4,35.4,
150162990252371,Newberry Elem Math & Science Acad,Chicago,39.2,21.8,26.9
150162990252072,Nicholson Technology Acad Elem Sch,Chicago,15.9,9.0,12.5
150162990252373,Nightingale Elem School,Chicago,30.0,19.6,24.2
150162990252823,Ninos Heroes Elem Academic Ctr,Chicago,27.8,10.8,20.0
150162990252374,Nixon Elem School,Chicago,21.2,15.3,*
150162990252375,Nobel Elem School,Chicago,25.7,9.9,16.0
15016299025044,Noble St Chtr - Mansueto,Chicago,35.8,18.2,40.9
15016299025029,Noble St Chtr Rauner College Prep,Chicago,29.8,11.3,22.5
15016299025040,Noble St Chtr-Baker Campus,Chicago,21.4,*,16.9
15016299025039,Noble St Chtr-Butler College Prep - Crimson,Chicago,24.7,7.6,27.6
15016299025034,Noble St Chtr-Chicago Bulls Prep,Chicago,37.6,16.1,33.1
15016299025032,Noble St Chtr-Comer College Prep,Chicago,32.7,9.8,22.4
15016299025038,Noble St Chtr-DRW Trading College Prep,Chicago,*,*,21.7
15016299025031,Noble St Chtr-Golder College Prep,Chicago,32.3,16.4,32.9
15016299025037,Noble St Chtr-Hansberry College Prep - Silver,Chicago,26.0,*,26.8
15016299025042,Noble St Chtr-ITW Speer Acad,Chicago,41.9,21.9,41.7
15016299025036,Noble St Chtr-Johnson College Prep,Chicago,22.0,*,14.4
15016299025035,Noble St Chtr-Muchin College Prep,Chicago,35.1,14.3,30.2
15016299025041,Noble St Chtr-Noble Campus,Chicago,54.1,28.7,45.9
15016299025028,Noble St Chtr-Pritzker College Prep,Chicago,39.2,19.8,38.4
15016299025030,Noble St Chtr-Rowe-Clark MS Acad,Chicago,14.1,*,21.2
15016299025043,Noble St Chtr-The Noble Academy,Chicago,41.8,14.6,24.6
15016299025033,Noble St Chtr-UIC College Prep,Chicago,36.5,13.7,28.8
15016299025084,North Lawndale Prep Chtr - Christiana,Chicago,*,*,*
15016299025046,North Lawndale Prep Chtr-Collins,Chicago,*,*,*
150162990252935,North River Elem School,Chicago,22.7,11.7,26.0
150162990250825,North-Grand High School,Chicago,26.2,11.2,30.0
150162990250794,Northside College Preparatory Hs,Chicago,95.4,89.4,92.0
150162990252915,Northwest Middle School,Chicago,22.5,7.5,11.7
150162990252376,Norwood Park Elem School,Chicago,67.9,48.0,62.0
150162990252380,Ogden Elem School,Chicago,33.1,22.1,29.6
150162990250855,Ogden Int High School,Chicago,52.8,21.1,47.2
150162990252381,Oglesby Elem School,Chicago,24.3,8.4,*
150162990252382,OKeeffe Elem School,Chicago,26.8,8.7,13.2
150162990252383,Onahan Elem School,Chicago,68.0,50.2,49.2
150162990252384,Oriole Park Elem School,Chicago,70.0,61.2,58.5
150162990252842,Orozco Elem Fine Arts & Sciences,Chicago,48.1,34.2,59.2
150162990250847,Orr Academy High School,Chicago,*,*,*
150162990252898,Ortiz De Dominguez Elem School,Chicago,*,*,
150162990252386,Otis Elem School,Chicago,21.0,9.3,*
150162990252387,OToole Elem School,Chicago,18.2,9.6,*
150162990252389,Owen Elem Scholastic Academy,Chicago,44.9,19.8,*
150162990252222,Owens Community Academy ES,Chicago,37.3,13.5,19.5
150162990252391,Palmer Elem School,Chicago,45.3,25.6,41.4
150162990252394,Park Manor Elem School,Chicago,27.0,6.8,*
150162990252392,Parker Elem Community Academy,Chicago,24.4,5.5,*
150162990252395,Parkside Elem Community Academy,Chicago,30.2,8.8,*
150162990252396,Pasteur Elem School,Chicago,56.3,60.3,
150162990250796,Payton College Preparatory HS,Chicago,93.8,91.7,91.7
150162990252398,Peck Elem School,Chicago,37.1,26.2,
150162990252399,Peirce Elem Intl Studies School,Chicago,53.0,35.3,44.9
150162990252400,Penn Elem School,Chicago,11.5,*,*
150162990252864,Perez Elem School,Chicago,53.4,19.6,31.1
15016299025053,Perspectives Chtr -  IIT Campus,Chicago,20.6,*,16.9
15016299025052,Perspectives Chtr - High School of Technology,Chicago,22.5,*,15.0
15016299025050,Perspectives Chtr - Joslin Campus,Chicago,23.2,9.2,16.0
15016299025051,Perspectives Chtr - Leadership Acad,Chicago,20.7,*,10.2
150162990252403,Peterson Elem School,Chicago,49.2,37.2,44.8
150162990250034,Phillips Academy High School,Chicago,12.0,*,12.0
150162990250803,Phoenix Military Academy HS,Chicago,34.7,13.3,28.0
150162990252385,Piccolo Elem Specialty School,Chicago,29.8,10.2,22.8
150162990252404,Pickard Elem School,Chicago,61.3,30.1,23.8
150162990252289,Pilsen Elem Community Academy,Chicago,22.7,9.2,*
150162990252405,Pirie Elem Fine Arts & Academic C,Chicago,25.2,10.8,*
150162990252406,Plamondon Elem School,Chicago,29.3,19.0,*
150162990252951,Plato Learning Acad  Elem School,Chicago,*,*,*
150162990252809,Poe Elem Classical School,Chicago,93.8,80.1,82.5
15016299025226,Polaris Elem Charter Academy,Chicago,24.2,5.9,*
150162990252409,Portage Park Elem School,Chicago,46.3,27.8,29.2
150162990252785,Powell Elem Paideia Comm Academy,Chicago,30.0,7.9,14.7
150162990252410,Prescott Elem School,Chicago,83.7,66.9,70.8
150162990252958,Prieto Math-Science Elem Sch,Chicago,37.7,14.8,27.5
150162990252510,Pritzker Elem School,Chicago,78.4,67.0,69.8
150162990250534,Prosser Career Academy HS,Chicago,39.0,12.0,33.9
15016299025224,Providence-Englewood Elem Charter,Chicago,29.2,19.2,12.5
150162990252412,Prussing Elem School,Chicago,45.3,28.5,34.8
150162990252413,Pulaski Intl Sch of Chicago,Chicago,62.9,47.2,59.3
150162990252414,Pullman Elem School,Chicago,34.5,12.0,17.6
150162990250826,Raby High School,Chicago,*,*,*
150162990252807,Randolph Elem School,Chicago,15.5,5.9,*
150162990252416,Ravenswood Elem School,Chicago,80.3,55.8,58.0
150162990252417,Ray Elem School,Chicago,36.5,24.7,30.8
150162990252419,Reavis Elem Math & Sci Spec Schl,Chicago,22.3,7.1,*
150162990252421,Reilly Elem School,Chicago,32.3,14.3,17.2
150162990252422,Reinberg Elem School,Chicago,33.5,16.4,21.8
150162990252423,Revere Elem School,Chicago,18.5,9.4,*
150162990250536,Richards Career Academy HS,Chicago,*,*,*
150162990252970,Richardson Middle School,Chicago,35.6,18.7,18.9
150162990250828,Rickover Naval Academy High Schl,Chicago,30.2,17.2,32.8
150162990252724,Robinson Elem School,Chicago,*,*,
150162990252426,Rogers Elem School,Chicago,60.6,42.5,48.6
150162990250035,Roosevelt High School,Chicago,22.7,7.1,19.2
15016299025230,Rowe Elementary,Chicago,21.0,7.7,8.7
150162990253735,Rudolph Elem Learning Center,Chicago,,,
150162990252428,Ruggles Elem School,Chicago,40.7,12.9,*
150162990252867,Ruiz Elem School,Chicago,32.3,16.0,33.3
150162990252138,Ruth Bader Ginsburg Elementary,Chicago,39.9,25.0,33.3
150162990252429,Ryder Elem Math & Sci Spec School,Chicago,24.7,11.7,*
150162990252828,Sabin Elem Magnet School,Chicago,15.1,10.1,19.7
150162990252969,Sadlowski Elementary School,Chicago,25.4,18.5,32.1
150162990252706,Salazar Elem Bilingual Center,Chicago,27.3,16.8,25.4
150162990252914,Sandoval Elem School,Chicago,31.5,32.8,26.0
150162990252434,Sauganash Elem School,Chicago,80.0,72.7,65.0
150162990252435,Sawyer Elem School,Chicago,27.0,19.6,19.9
150162990252436,Sayre Elem Language Academy,Chicago,37.3,25.8,31.2
150162990252438,Scammon Elem School,Chicago,38.2,23.1,20.5
150162990252442,Schmid Elem School,Chicago,21.5,11.7,*
150162990250835,School of Social Justice HS,Chicago,26.6,*,21.9
150162990252444,Schubert Elem School,Chicago,28.1,18.3,*
150162990250036,Schurz High School,Chicago,18.3,12.5,15.9
150162990250037,Senn High School,Chicago,44.9,26.3,43.3
150162990252446,Seward Elem Communication Arts Ac,Chicago,23.4,14.4,*
150162990252451,Sheridan Elem Math & Science Acad,Chicago,75.1,70.1,60.7
150162990252453,Sherman Elem School,Chicago,22.3,10.8,*
150162990252454,Sherwood Elem School,Chicago,23.7,14.2,*
150162990252455,Shields Elem School,Chicago,26.5,21.5,
150162990252968,Shields Middle School,Chicago,38.0,13.2,24.1
150162990252456,Shoesmith Elem School,Chicago,32.9,18.4,*
150162990252457,Shoop Math-Sci Tech Elem Academy,Chicago,30.2,13.0,13.5
150162990250537,Simeon Career Academy High School,Chicago,15.5,9.8,24.0
150162990252458,Skinner Elem School,Chicago,76.3,69.7,62.1
150162990252959,Skinner North Elem Sch,Chicago,97.4,95.6,89.5
150162990252768,Smith  W Elem School,Chicago,26.4,8.7,*
150162990252459,Smyser Elem School,Chicago,42.6,27.3,42.6
150162990252460,Smyth  J Elem School,Chicago,14.8,*,*
150162990252461,Solomon Elem School,Chicago,56.5,41.5,42.2
150162990250859,Solorio Academy High School,Chicago,40.1,27.6,36.1
150162990252971,Sor Juana Ines de la Cruz,Chicago,78.3,63.5,61.5
150162990252855,South Loop Elem School,Chicago,75.8,56.9,64.8
150162990252960,South Shore Fine Arts Elem Sch,Chicago,37.9,20.6,*
150162990250860,South Shore Intl Col Prep HS,Chicago,54.2,34.3,42.3
150162990252462,Spencer Technology Acad Elem Sch,Chicago,24.6,13.1,*
150162990250818,Spry Community Links High School,Chicago,*,*,*
150162990252469,Spry Elem Community School,Chicago,21.3,8.6,*
150162990252464,Stagg Elem School,Chicago,20.3,12.4,*
150162990250041,Steinmetz College Prep HS,Chicago,17.1,5.8,23.1
150162990252967,STEM Magnet Academy Elem,Chicago,73.4,60.3,59.7
150162990252465,Stevenson Elem School,Chicago,37.6,21.2,25.3
150162990253762,Stock Early Childhood Center,Chicago,,,
150162990252468,Stone Elem Scholastic Academy,Chicago,79.0,52.1,47.4
150162990252472,Stowe Elem School,Chicago,22.4,12.9,*
150162990252941,Suder Montessori Elem Magnet Schl,Chicago,46.3,25.3,21.1
150162990252474,Sullivan Elem School,Chicago,20.7,5.6,*
150162990250042,Sullivan High School,Chicago,12.4,11.3,16.5
150162990252475,Sumner Elem Math & Sci Comm Acad,Chicago,52.6,29.8,*
150162990252476,Sutherland Elem School,Chicago,51.3,31.5,38.7
150162990252477,Swift Elem Specialty School,Chicago,36.5,24.5,20.0
150162990250043,Taft High School,Chicago,56.6,37.6,49.7
150162990252478,Talcott Elem School,Chicago,32.3,23.7,17.4
150162990252926,Talman Elem School,Chicago,50.3,29.4,34.3
150162990252479,Tanner Elem School,Chicago,20.5,*,*
150162990252943,Tarkington Elem School,Chicago,39.5,18.6,17.8
150162990252480,Taylor Elem School,Chicago,25.8,15.9,16.7
150162990252901,Telpochcalli Elem School,Chicago,34.1,15.4,22.7
150162990253787,Thomas Early Childhood Center,Chicago,,,
150162990250022,Thomas Kelly College Preparatory,Chicago,23.3,9.8,16.3
150162990252484,Thorp  J N Elem School,Chicago,24.0,7.3,*
150162990252486,Thorp  O A Elem Scholastic Acad,Chicago,65.3,50.4,48.7
150162990250044,Tilden Career Communty Academy HS,Chicago,*,*,*
150162990252766,Till Elem Math & Science Academy,Chicago,10.8,*,*
150162990252487,Tilton Elem School,Chicago,16.2,*,*
150162990252826,Turner-Drew Elem Language Academy,Chicago,48.9,36.0,36.8
150162990252490,Twain Elem School,Chicago,61.0,32.1,30.5
15016299025281,Univ of Chicago Chtr-Donoghue,Chicago,43.0,25.6,24.1
15016299025258,Univ of Chicago Chtr-Nth Kenwood,Chicago,41.4,34.9,32.6
15016299025107,Univ of Chicago Chtr-Woodlawn,Chicago,31.3,6.1,23.8
150162990250829,Uplift Community High School,Chicago,*,*,*
15016299025013,Urban Prep Chtr Acad Bronzeville HS,Chicago,*,*,*
15016299025010,Urban Prep Chtr Acad Englewood HS,Chicago,*,*,*
150162990252491,Vanderpoel Elem Magnet School,Chicago,43.1,10.2,*
150162990253781,Vick Early Childhood & Family Ctr,Chicago,,,
150162990252494,Volta Elem School,Chicago,22.2,16.9,17.9
150162990250046,Von Steuben Metro Science HS,Chicago,65.9,45.1,57.3
150162990252497,Wacker Elem School,Chicago,31.3,15.7,*
150162990252498,Wadsworth Elem School,Chicago,27.1,8.4,*
150162990252500,Walsh Elem School,Chicago,30.5,23.4,45.0
150162990250863,Walter Henri Dyett High School for the Arts,Chicago,7.2,*,15.8
150162990252501,Ward  J Elem School,Chicago,62.6,63.3,56.6
150162990252767,Ward  L Elem School,Chicago,16.0,*,*
150162990252502,Warren Elem School,Chicago,35.2,10.4,20.5
150162990252503,Washington  G Elem School,Chicago,61.7,31.6,39.3
150162990252401,Washington  H Elem School,Chicago,32.9,*,*
150162990250048,Washington G High School,Chicago,29.8,10.6,24.7
150162990252504,Waters Elem School,Chicago,68.9,63.8,66.2
150162990252505,Webster Elem School,Chicago,32.4,40.0,*
150162990250049,Wells Community Academy HS,Chicago,*,*,*
150162990252902,Wells Preparatory Elem Academy,Chicago,53.6,21.4,18.6
150162990252506,Wentworth Elem School,Chicago,14.0,5.2,*
150162990252908,West Park Elem Academy,Chicago,34.9,13.3,17.9
150162990252965,West Ridge Elem School,Chicago,39.8,30.8,15.7
150162990252507,Westcott Elem School,Chicago,18.7,6.8,*
150162990250857,Westinghouse High School,Chicago,55.5,31.0,51.1
150162990252512,Whistler Elem School,Chicago,34.8,13.9,*
150162990252729,White Elem Career Academy,Chicago,41.8,*,*
150162990252513,Whitney Elem School,Chicago,27.1,15.8,28.6
150162990252514,Whittier Elem School,Chicago,16.9,12.4,*
150162990252516,Wildwood Elem School,Chicago,67.5,65.5,56.4
150162990252097,William H Brown STEM Magnet Elementary School,Chicago,33.9,18.0,31.4
150162990250856,Williams Medical Prep High Sch,Chicago,*,*,*
150162990252903,Woodlawn Elem Community School,Chicago,39.0,12.2,*
150162990252521,Woodson South Elem School,Chicago,22.8,5.8,*
150162990250830,World Language High School,Chicago,39.2,*,17.6
150162990252542,Yates Elem School,Chicago,23.2,12.8,*
15016299025073,YCCS Chtr - Chatham,Chicago,*,*,*
15016299025071,YCCS West,Chicago,*,*,*
15016299025055,YCCS- McKinley-Lakeside Leadership Academy,Chicago,*,*,*
15016299025062,YCCS-Albizu Campos Puerto Rican HS,Chicago,*,*,*
15016299025056,YCCS-ASPIRA Pantoja Alt HS,Chicago,*,*,*
15016299025057,YCCS-Association House,Chicago,*,*,*
15016299025059,YCCS-CCA Academy HS,Chicago,*,*,*
15016299025061,YCCS-Community Youth Dev Inst HS,Chicago,*,*,*
15016299025063,YCCS-Innovations of Arts Integr HS,Chicago,*,*,*
15016299025065,YCCS-Latino Youth Alternative HS,Chicago,*,*,*
15016299025066,YCCS-Olive Harvey Mid College HS,Chicago,*,*,*
15016299025060,YCCS-Progressive Leadership Academy,Chicago,*,*,*
15016299025054,YCCS-Scholastic Achievement HS,Chicago,*,*,*
15016299025067,YCCS-Sullivan House Alt HS,Chicago,*,*,*
15016299025068,YCCS-Truman Middle College HS,Chicago,*,*,*
15016299025070,YCCS-West Town Academy Alt HS,Chicago,*,*,*
15016299025072,YCCS-Youth Connection Leadership Academy,Chicago,*,*,*
150162990252525,Young Elem School,Chicago,22.6,7.8,17.7
150162990250764,Young Magnet High School,Chicago,93.8,92.2,91.8
150162990252897,Zapata Elem Academy,Chicago,38.7,19.4,27.7
15016901025201,Horizon Science Acad-Belmont Charter Sch,Chicago,50.6,28.0,23.4
15016900025201,Horizon Science Acad-McKinley Park Charter Sch,Chicago,63.6,37.5,39.2
601054280303050,IYC Chicago,Chicago,,,
15016905025001,Intrinsic 2 Charter High School,Chicago,29.4,12.8,32.3
